{"name":"00c8f876-1152-4b64-96b2-033f5fd19627","id":"/providers/Microsoft.Flow/flows/00c8f876-1152-4b64-96b2-033f5fd19627","type":"Microsoft.Flow/flows","properties":{"apiId":"/providers/Microsoft.PowerApps/apis/shared_logicflows","displayName":"Bypass Consent","definition":{"metadata":{"workflowEntityId":null,"flowclientsuspensionreason":"None","flowclientsuspensiontime":null,"creator":{"id":"be22b54d-2660-4ec5-b8ef-e3a1195b6743","type":"User","tenantId":"18952f4e-2103-4067-ac26-13ac72fc7a5d"},"provisioningMethod":"FromDefinition","failureAlertSubscription":true,"clientLastModifiedTime":"2021-02-11T21:09:17.4267775Z"},"$schema":"https://schema.management.azure.com/providers/Microsoft.Logic/schemas/2016-06-01/workflowdefinition.json#","contentVersion":"1.0.0.0","parameters":{"$authentication":{"defaultValue":{},"type":"SecureObject"}},"triggers":{"manual":{"type":"Request","kind":"PowerApp","inputs":{"schema":{"type":"object","properties":{"AppID_Value":{"type":"string","description":"Enter initial value","x-ms-powerflows-param-ispartial":false},"RemoveConsent_Value":{"type":"boolean","description":"Enter initial value","x-ms-powerflows-param-ispartial":false}},"required":["AppID_Value","RemoveConsent_Value"]}}}},"actions":{"AppID":{"runAfter":{},"type":"InitializeVariable","inputs":{"variables":[{"name":"AppID","type":"string","value":"@{triggerBody()['AppID_Value']}"}]}},"RemoveConsent":{"runAfter":{"AppID":["Succeeded"]},"type":"InitializeVariable","inputs":{"variables":[{"name":"RemoveConsent","type":"boolean","value":"@triggerBody()['RemoveConsent_Value']"}]}},"Send_Job_Status_to_App":{"runAfter":{"RemoveConsent":["Succeeded"]},"type":"Response","kind":"PowerApp","inputs":{"statusCode":200,"body":{"jobstatus":"ADD JOB STATUS HERE"},"schema":{"type":"object","properties":{"jobstatus":{"title":"JobStatus","x-ms-dynamically-added":true,"type":"string"}}}}}}},"connectionReferences":{},"flowFailureAlertSubscribed":false}}