{"schemaVersion":"1.0","appDefinitionTemplate":{"id":"/providers/Microsoft.PowerApps/apps/","type":"Microsoft.PowerApps/apps","tags":{"primaryDeviceWidth":"1366","primaryDeviceHeight":"768","sienaVersion":"20210211T211719Z-3.21021.39.0","deviceCapabilities":"","supportsPortrait":"false","supportsLandscape":"true","primaryFormFactor":"Tablet","publisherVersion":"3.21021.39","minimumRequiredApiVersion":"2.2.0","hasComponent":"true","hasUnlockedComponent":"true","isUnifiedRootApp":"false"},"properties":{"appVersion":"2021-02-11T21:17:19Z","lifeCycleId":"Published","createdByClientVersion":{"major":3,"minor":21021,"build":39,"revision":0,"majorRevision":0,"minorRevision":0},"minClientVersion":{"major":3,"minor":21021,"build":39,"revision":0,"majorRevision":0,"minorRevision":0},"backgroundColor":"rgba(0, 0, 0, 1)","backgroundImageUri":"/10703817127960531099/N49d3c1c0-b54d-49bb-9793-1bc96475f2c7-logoSmallFile","displayName":"Power Apps Bypass Consent","description":"","commitMessage":"","appUris":{"documentUri":{"value":"/10703817127960531099/N7dbe869b-715e-4282-9efd-1563602c70db-document.msapp"},"imageUris":[]},"createdTime":"0001-01-01T00:00:00Z","lastModifiedTime":"0001-01-01T00:00:00Z","sharedGroupsCount":0,"sharedUsersCount":0,"icons":{"smallIconUri":"/10703817127960531099/Nfb1ae740-6e77-4354-8530-584fb8ffd31c-small.png","mediumIconUri":"/10703817127960531099/N5ee2cd1d-706e-4563-9578-3f22cf88cb98-medium.png","largeIconUri":"/10703817127960531099/N80ae822a-107b-4648-900c-6772f3ae4460-large.png","wideIconUri":"/10703817127960531099/Nc96ad9d0-29a1-4269-902a-14a810e77abd-wide.png"},"connectionReferences":{"e5787d9b-13e6-4aa0-bb18-9063951bc938":{"id":"a3232787-eb97-41e9-a202-8f1b7371dd75","displayName":"Power Platform for Admins","iconUri":"https://connectoricons-prod.azureedge.net/releases/v1.0.1438/1.0.1438.2324/powerplatformforadmins/icon.png","dataSources":["PowerPlatformforAdmins"],"dependencies":[],"dependents":[],"parameterHints":{},"isOnPremiseConnection":false,"bypassConsent":false,"dataSets":{},"apiTier":"Standard","isCustomApiConnection":false,"actions":["GetAdminEnvironment"]},"d1f067c2-ab0d-4a49-8815-f05aa24ad0a1":{"id":"761fa552-028e-4187-80e6-77ebaef4cd15","displayName":"Power Apps for Admins","iconUri":"https://connectoricons-prod.azureedge.net/releases/v1.0.1429/1.0.1429.2295/powerappsforadmins/icon.png","dataSources":["PowerAppsforAdmins"],"dependencies":[],"dependents":[],"parameterHints":{},"isOnPremiseConnection":false,"bypassConsent":false,"dataSets":{},"apiTier":"Standard","isCustomApiConnection":false,"actions":["GetAdminApps","GetAdminAppRoleAssignment"]},"2efa39a9-9fa1-465a-b4e9-4b66b3d26e1f":{"id":"e7201e9d-5ccd-49ea-8012-6a2b929c0bc2","displayName":"Office 365 Users","iconUri":"https://connectoricons-prod.azureedge.net/releases/v1.0.1430/1.0.1430.2296/office365users/icon.png","dataSources":["Microsoft365Users"],"dependencies":[],"dependents":[],"parameterHints":{},"isOnPremiseConnection":false,"bypassConsent":false,"dataSets":{},"apiTier":"Standard","isCustomApiConnection":false,"actions":["MyProfileV2"]},"3bd3797c-5e5e-4acf-90df-88458e779322":{"id":"76c61860-caac-4bda-818e-eee8aaaa77e9","displayName":"Logic flows","iconUri":"https://connectoricons-prod.azureedge.net/releases/v1.0.1438/1.0.1438.2324/logicflows/icon.png","dataSources":["BypassConsent"],"dependencies":["b1230d52-bede-49c2-8bba-1e491926d215"],"dependents":[],"parameterHints":{"workflowName":{"value":"a3d36f9f-29e9-4a2e-982d-b2131a96b803"},"b1230d52-bede-49c2-8bba-1e491926d215":{"value":"shared_azureautomation"}},"isOnPremiseConnection":false,"bypassConsent":false,"dataSets":{},"apiTier":"Standard","isCustomApiConnection":false,"actions":["Run"]},"b1230d52-bede-49c2-8bba-1e491926d215":{"id":"5259afaf-a42d-4590-b7b3-41b3007058d8","displayName":"Azure Automation","iconUri":"https://connectoricons-prod.azureedge.net/releases/v1.0.1438/1.0.1438.2324/azureautomation/icon.png","dataSources":[],"dependencies":[],"dependents":["3bd3797c-5e5e-4acf-90df-88458e779322"],"parameterHints":{},"isOnPremiseConnection":false,"bypassConsent":false,"dataSets":{},"apiTier":"Premium","isCustomApiConnection":false}},"databaseReferences":{},"almMode":"Environment","performanceOptimizationEnabled":true,"canConsumeAppPass":true,"executionRestrictions":{"isTeamsOnly":false,"dataLossPreventionEvaluationResult":{"status":"Compliant","lastEvaluationDate":"2020-10-30T08:04:34.8593863Z","violationDetails":[]}}},"isAppComponentLibrary":false,"appType":"ClassicCanvasApp","appComponents":[]}}